site,timestamp,generation_kwh,consumption_kwh,grid_import_kwh,grid_export_kwh
Muriwai 5kW + Batteries,2026-09-01T00:00:00+12:00,0.0,0.084,0.0,0.0
Muriwai 5kW + Batteries,2026-09-01T00:30:00+12:00,0.0,0.086,0.0,0.0
Muriwai 5kW + Batteries,2026-09-01T01:00:00+12:00,0.0,0.085,0.0,0.0
Muriwai 5kW + Batteries,2026-09-01T01:30:00+12:00,0.0,0.086,0.0,0.0
Muriwai 5kW + Batteries,2026-09-01T02:00:00+12:00,0.0,0.086,0.0,0.0
Muriwai 5kW + Batteries,2026-09-01T02:30:00+12:00,0.0,0.086,0.0,0.0
Muriwai 5kW + Batteries,2026-09-01T03:00:00+12:00,0.0,0.087,0.0,0.0
Muriwai 5kW + Batteries,2026-09-01T03:30:00+12:00,0.0,0.088,0.0,0.0
Muriwai 5kW + Batteries,2026-09-01T04:00:00+12:00,0.0,0.088,0.0,0.0
Muriwai 5kW + Batteries,2026-09-01T04:30:00+12:00,0.0,0.091,0.0,0.0
Muriwai 5kW + Batteries,2026-09-01T05:00:00+12:00,0.0,0.091,0.0,0.0
Muriwai 5kW + Batteries,2026-09-01T05:30:00+12:00,0.0,0.09,0.0,0.0
Muriwai 5kW + Batteries,2026-09-01T06:00:00+12:00,0.0,0.091,0.0,0.0
Muriwai 5kW + Batteries,2026-09-01T06:30:00+12:00,0.004,0.09,0.0,0.0
Muriwai 5kW + Batteries,2026-09-01T07:00:00+12:00,0.044,0.087,0.0,0.0
Muriwai 5kW + Batteries,2026-09-01T07:30:00+12:00,0.633,0.082,0.0,0.0
Muriwai 5kW + Batteries,2026-09-01T08:00:00+12:00,0.733,0.082,0.0,0.0
Muriwai 5kW + Batteries,2026-09-01T08:30:00+12:00,0.425,0.081,0.0,0.0
Muriwai 5kW + Batteries,2026-09-01T09:00:00+12:00,0.61,0.065,0.0,0.0
Muriwai 5kW + Batteries,2026-09-01T09:30:00+12:00,0.494,0.894,0.403,0.0
Muriwai 5kW + Batteries,2026-09-01T10:00:00+12:00,0.557,0.462,0.0,0.0
Muriwai 5kW + Batteries,2026-09-01T10:30:00+12:00,1.163,0.456,0.0,0.507
Muriwai 5kW + Batteries,2026-09-01T11:00:00+12:00,1.514,0.456,0.0,0.986
Muriwai 5kW + Batteries,2026-09-01T11:30:00+12:00,0.77,0.434,0.0,0.368
Muriwai 5kW + Batteries,2026-09-01T12:00:00+12:00,0.872,0.36,0.0,0.515
Muriwai 5kW + Batteries,2026-09-01T12:30:00+12:00,0.812,0.428,0.0,0.38
Muriwai 5kW + Batteries,2026-09-01T13:00:00+12:00,1.144,0.433,0.0,0.709
Muriwai 5kW + Batteries,2026-09-01T13:30:00+12:00,0.834,0.439,0.046,0.423
Muriwai 5kW + Batteries,2026-09-01T14:00:00+12:00,0.744,0.432,0.0,0.303
Muriwai 5kW + Batteries,2026-09-01T14:30:00+12:00,0.457,0.355,0.011,0.097
Muriwai 5kW + Batteries,2026-09-01T15:00:00+12:00,0.293,0.428,0.145,0.0
Muriwai 5kW + Batteries,2026-09-01T15:30:00+12:00,0.105,0.436,0.338,0.0
Muriwai 5kW + Batteries,2026-09-01T16:00:00+12:00,0.059,0.439,0.387,0.0
Muriwai 5kW + Batteries,2026-09-01T16:30:00+12:00,0.041,0.441,0.406,0.0
Muriwai 5kW + Batteries,2026-09-01T17:00:00+12:00,0.015,0.44,0.337,0.0
Muriwai 5kW + Batteries,2026-09-01T17:30:00+12:00,0.0,0.378,0.398,0.0
Muriwai 5kW + Batteries,2026-09-01T18:00:00+12:00,0.0,0.447,0.471,0.0
Muriwai 5kW + Batteries,2026-09-01T18:30:00+12:00,0.0,0.449,0.471,0.0
Muriwai 5kW + Batteries,2026-09-01T19:00:00+12:00,0.0,0.447,0.471,0.0
Muriwai 5kW + Batteries,2026-09-01T19:30:00+12:00,0.0,0.443,0.468,0.0
Muriwai 5kW + Batteries,2026-09-01T20:00:00+12:00,0.0,0.738,0.759,0.0
Muriwai 5kW + Batteries,2026-09-01T20:30:00+12:00,0.0,1.594,1.619,0.0
Muriwai 5kW + Batteries,2026-09-01T21:00:00+12:00,0.0,1.406,0.577,0.0
Muriwai 5kW + Batteries,2026-09-01T21:30:00+12:00,0.0,0.687,0.102,0.0
Muriwai 5kW + Batteries,2026-09-01T22:00:00+12:00,0.0,0.265,0.0,0.0
Muriwai 5kW + Batteries,2026-09-01T22:30:00+12:00,0.0,0.249,0.0,0.0
Muriwai 5kW + Batteries,2026-09-01T23:00:00+12:00,0.0,0.205,0.0,0.0
Muriwai 5kW + Batteries,2026-09-01T23:30:00+12:00,0.0,0.239,0.0,0.0
Muriwai 5kW + Batteries,2026-09-02T00:00:00+12:00,0.0,0.231,0.0,0.0
Muriwai 5kW + Batteries,2026-09-02T00:30:00+12:00,0.0,0.23,0.0,0.0
Muriwai 5kW + Batteries,2026-09-02T01:00:00+12:00,0.0,0.23,0.0,0.0
Muriwai 5kW + Batteries,2026-09-02T01:30:00+12:00,0.0,0.191,0.0,0.0
Muriwai 5kW + Batteries,2026-09-02T02:00:00+12:00,0.0,0.23,0.0,0.0
Muriwai 5kW + Batteries,2026-09-02T02:30:00+12:00,0.0,0.233,0.0,0.0
Muriwai 5kW + Batteries,2026-09-02T03:00:00+12:00,0.0,0.232,0.0,0.0
Muriwai 5kW + Batteries,2026-09-02T03:30:00+12:00,0.0,0.232,0.0,0.0
Muriwai 5kW + Batteries,2026-09-02T04:00:00+12:00,0.0,0.221,0.0,0.0
Muriwai 5kW + Batteries,2026-09-02T04:30:00+12:00,0.0,0.186,0.0,0.0
Muriwai 5kW + Batteries,2026-09-02T05:00:00+12:00,0.0,0.226,0.0,0.0
Muriwai 5kW + Batteries,2026-09-02T05:30:00+12:00,0.0,0.221,0.0,0.0
Muriwai 5kW + Batteries,2026-09-02T06:00:00+12:00,0.0,0.237,0.0,0.0
Muriwai 5kW + Batteries,2026-09-02T06:30:00+12:00,0.06,0.351,0.0,0.0
Muriwai 5kW + Batteries,2026-09-02T07:00:00+12:00,0.33,0.409,0.0,0.0
Muriwai 5kW + Batteries,2026-09-02T07:30:00+12:00,0.888,0.486,0.0,0.0
Muriwai 5kW + Batteries,2026-09-02T08:00:00+12:00,1.098,0.79,0.0,0.0
Muriwai 5kW + Batteries,2026-09-02T08:30:00+12:00,1.264,0.674,0.0,0.0
Muriwai 5kW + Batteries,2026-09-02T09:00:00+12:00,1.378,0.457,0.0,0.0
Muriwai 5kW + Batteries,2026-09-02T09:30:00+12:00,1.436,0.444,0.0,0.0
Muriwai 5kW + Batteries,2026-09-02T10:00:00+12:00,1.225,0.371,0.0,0.0
Muriwai 5kW + Batteries,2026-09-02T10:30:00+12:00,1.466,0.444,0.0,0.0
Muriwai 5kW + Batteries,2026-09-02T11:00:00+12:00,1.437,0.443,0.0,0.0
Muriwai 5kW + Batteries,2026-09-02T11:30:00+12:00,1.386,0.444,0.0,0.3
Muriwai 5kW + Batteries,2026-09-02T12:00:00+12:00,1.307,0.39,0.0,0.905
Muriwai 5kW + Batteries,2026-09-02T12:30:00+12:00,0.985,0.227,0.0,0.746
Muriwai 5kW + Batteries,2026-09-02T13:00:00+12:00,1.046,0.27,0.0,0.761
Muriwai 5kW + Batteries,2026-09-02T13:30:00+12:00,0.888,0.268,0.0,0.602
Muriwai 5kW + Batteries,2026-09-02T14:00:00+12:00,0.674,0.268,0.0,0.393
Muriwai 5kW + Batteries,2026-09-02T14:30:00+12:00,0.457,0.264,0.0,0.179
Muriwai 5kW + Batteries,2026-09-02T15:00:00+12:00,0.318,0.265,0.0,0.039
Muriwai 5kW + Batteries,2026-09-02T15:30:00+12:00,0.171,0.223,0.061,0.0
Muriwai 5kW + Batteries,2026-09-02T16:00:00+12:00,0.17,0.269,0.107,0.0
Muriwai 5kW + Batteries,2026-09-02T16:30:00+12:00,0.11,0.272,0.172,0.0
Muriwai 5kW + Batteries,2026-09-02T17:00:00+12:00,0.032,0.271,0.19,0.0
Muriwai 5kW + Batteries,2026-09-02T17:30:00+12:00,0.0,0.165,0.184,0.0
Muriwai 5kW + Batteries,2026-09-02T18:00:00+12:00,0.0,0.058,0.081,0.0
Muriwai 5kW + Batteries,2026-09-02T18:30:00+12:00,0.0,0.049,0.069,0.0
Muriwai 5kW + Batteries,2026-09-02T19:00:00+12:00,0.0,0.058,0.082,0.0
Muriwai 5kW + Batteries,2026-09-02T19:30:00+12:00,0.0,0.058,0.082,0.0
Muriwai 5kW + Batteries,2026-09-02T20:00:00+12:00,0.0,0.059,0.083,0.0
Muriwai 5kW + Batteries,2026-09-02T20:30:00+12:00,0.0,0.058,0.081,0.0
Muriwai 5kW + Batteries,2026-09-02T21:00:00+12:00,0.0,0.056,0.014,0.0
Muriwai 5kW + Batteries,2026-09-02T21:30:00+12:00,0.0,0.055,0.0,0.0
Muriwai 5kW + Batteries,2026-09-02T22:00:00+12:00,0.0,0.055,0.0,0.0
Muriwai 5kW + Batteries,2026-09-02T22:30:00+12:00,0.0,0.056,0.0,0.0
Muriwai 5kW + Batteries,2026-09-02T23:00:00+12:00,0.0,0.054,0.0,0.0
Muriwai 5kW + Batteries,2026-09-02T23:30:00+12:00,0.0,0.054,0.0,0.0
Muriwai 5kW + Batteries,2026-09-03T00:00:00+12:00,0.0,0.054,0.0,0.0
Muriwai 5kW + Batteries,2026-09-03T00:30:00+12:00,0.0,0.054,0.0,0.0
Muriwai 5kW + Batteries,2026-09-03T01:00:00+12:00,0.0,0.054,0.0,0.0
Muriwai 5kW + Batteries,2026-09-03T01:30:00+12:00,0.0,0.054,0.0,0.0
Muriwai 5kW + Batteries,2026-09-03T02:00:00+12:00,0.0,0.056,0.0,0.0
Muriwai 5kW + Batteries,2026-09-03T02:30:00+12:00,0.0,0.064,0.0,0.0
Muriwai 5kW + Batteries,2026-09-03T03:00:00+12:00,0.0,0.059,0.0,0.0
Muriwai 5kW + Batteries,2026-09-03T03:30:00+12:00,0.0,0.054,0.0,0.0
Muriwai 5kW + Batteries,2026-09-03T04:00:00+12:00,0.0,0.053,0.0,0.0
Muriwai 5kW + Batteries,2026-09-03T04:30:00+12:00,0.0,0.052,0.0,0.0
Muriwai 5kW + Batteries,2026-09-03T05:00:00+12:00,0.0,0.053,0.0,0.0
Muriwai 5kW + Batteries,2026-09-03T05:30:00+12:00,0.0,0.06,0.0,0.0
Muriwai 5kW + Batteries,2026-09-03T06:00:00+12:00,0.0,0.06,0.0,0.0
Muriwai 5kW + Batteries,2026-09-03T06:30:00+12:00,0.031,0.06,0.0,0.0
Muriwai 5kW + Batteries,2026-09-03T07:00:00+12:00,0.317,0.072,0.0,0.0
Muriwai 5kW + Batteries,2026-09-03T07:30:00+12:00,0.767,0.07,0.0,0.0
Muriwai 5kW + Batteries,2026-09-03T08:00:00+12:00,1.087,0.061,0.0,0.491
Muriwai 5kW + Batteries,2026-09-03T08:30:00+12:00,1.254,0.052,0.0,1.181
Muriwai 5kW + Batteries,2026-09-03T09:00:00+12:00,1.358,0.053,0.0,1.286
Muriwai 5kW + Batteries,2026-09-03T09:30:00+12:00,1.47,0.056,0.0,1.399
Muriwai 5kW + Batteries,2026-09-03T10:00:00+12:00,1.513,0.06,0.0,1.443
Muriwai 5kW + Batteries,2026-09-03T10:30:00+12:00,1.453,0.057,0.0,1.386
Muriwai 5kW + Batteries,2026-09-03T11:00:00+12:00,1.406,0.057,0.0,1.27
Muriwai 5kW + Batteries,2026-09-03T11:30:00+12:00,1.369,0.057,0.0,1.286
Muriwai 5kW + Batteries,2026-09-03T12:00:00+12:00,1.275,0.056,0.0,1.203
Muriwai 5kW + Batteries,2026-09-03T12:30:00+12:00,1.171,0.056,0.0,1.1
Muriwai 5kW + Batteries,2026-09-03T13:00:00+12:00,1.04,0.054,0.0,0.962
Muriwai 5kW + Batteries,2026-09-03T13:30:00+12:00,0.875,0.052,0.0,0.799
Muriwai 5kW + Batteries,2026-09-03T14:00:00+12:00,0.688,0.05,0.0,0.62
Muriwai 5kW + Batteries,2026-09-03T14:30:00+12:00,0.479,0.048,0.0,0.415
Muriwai 5kW + Batteries,2026-09-03T15:00:00+12:00,0.265,0.051,0.0,0.199
Muriwai 5kW + Batteries,2026-09-03T15:30:00+12:00,0.147,0.057,0.0,0.079
Muriwai 5kW + Batteries,2026-09-03T16:00:00+12:00,0.106,0.059,0.0,0.033
Muriwai 5kW + Batteries,2026-09-03T16:30:00+12:00,0.067,0.06,0.0,0.0
Muriwai 5kW + Batteries,2026-09-03T17:00:00+12:00,0.04,0.059,0.0,0.007
Muriwai 5kW + Batteries,2026-09-03T17:30:00+12:00,0.001,0.059,0.005,0.0
Muriwai 5kW + Batteries,2026-09-03T18:00:00+12:00,0.0,0.06,0.071,0.0
Muriwai 5kW + Batteries,2026-09-03T18:30:00+12:00,0.0,0.056,0.081,0.0
Muriwai 5kW + Batteries,2026-09-03T19:00:00+12:00,0.0,0.058,0.082,0.0
Muriwai 5kW + Batteries,2026-09-03T19:30:00+12:00,0.0,0.058,0.083,0.0
Muriwai 5kW + Batteries,2026-09-03T20:00:00+12:00,0.0,0.058,0.083,0.0
Muriwai 5kW + Batteries,2026-09-03T20:30:00+12:00,0.0,0.057,0.081,0.0
Muriwai 5kW + Batteries,2026-09-03T21:00:00+12:00,0.0,0.055,0.013,0.0
Muriwai 5kW + Batteries,2026-09-03T21:30:00+12:00,0.0,0.054,0.0,0.0
Muriwai 5kW + Batteries,2026-09-03T22:00:00+12:00,0.0,0.055,0.0,0.0
Muriwai 5kW + Batteries,2026-09-03T22:30:00+12:00,0.0,0.058,0.0,0.0
Muriwai 5kW + Batteries,2026-09-03T23:00:00+12:00,0.0,0.069,0.0,0.0
Muriwai 5kW + Batteries,2026-09-03T23:30:00+12:00,0.0,0.078,0.0,0.0
Muriwai 5kW + Batteries,2026-09-04T00:00:00+12:00,0.0,0.082,0.0,0.0
Muriwai 5kW + Batteries,2026-09-04T00:30:00+12:00,0.0,0.087,0.0,0.0
Muriwai 5kW + Batteries,2026-09-04T01:00:00+12:00,0.0,0.087,0.0,0.0
Muriwai 5kW + Batteries,2026-09-04T01:30:00+12:00,0.0,0.088,0.0,0.0
Muriwai 5kW + Batteries,2026-09-04T02:00:00+12:00,0.0,0.088,0.0,0.0
Muriwai 5kW + Batteries,2026-09-04T02:30:00+12:00,0.0,0.089,0.0,0.0
Muriwai 5kW + Batteries,2026-09-04T03:00:00+12:00,0.0,0.076,0.0,0.0
Muriwai 5kW + Batteries,2026-09-04T03:30:00+12:00,0.0,0.09,0.0,0.0
Muriwai 5kW + Batteries,2026-09-04T04:00:00+12:00,0.0,0.092,0.0,0.0
Muriwai 5kW + Batteries,2026-09-04T04:30:00+12:00,0.0,0.092,0.0,0.0
Muriwai 5kW + Batteries,2026-09-04T05:00:00+12:00,0.0,0.093,0.0,0.0
Muriwai 5kW + Batteries,2026-09-04T05:30:00+12:00,0.0,0.093,0.0,0.0
Muriwai 5kW + Batteries,2026-09-04T06:00:00+12:00,0.0,0.077,0.0,0.0
Muriwai 5kW + Batteries,2026-09-04T06:30:00+12:00,0.005,0.089,0.0,0.0
Muriwai 5kW + Batteries,2026-09-04T07:00:00+12:00,0.28,0.083,0.0,0.0
Muriwai 5kW + Batteries,2026-09-04T07:30:00+12:00,0.853,0.077,0.0,0.0
Muriwai 5kW + Batteries,2026-09-04T08:00:00+12:00,1.063,0.055,0.0,0.0
Muriwai 5kW + Batteries,2026-09-04T08:30:00+12:00,1.246,0.056,0.0,0.945
Muriwai 5kW + Batteries,2026-09-04T09:00:00+12:00,1.118,0.048,0.0,1.057
Muriwai 5kW + Batteries,2026-09-04T09:30:00+12:00,1.447,0.059,0.0,1.375
Muriwai 5kW + Batteries,2026-09-04T10:00:00+12:00,1.368,0.059,0.0,1.296
Muriwai 5kW + Batteries,2026-09-04T10:30:00+12:00,1.311,0.059,0.0,1.241
Muriwai 5kW + Batteries,2026-09-04T11:00:00+12:00,1.026,0.056,0.0,0.961
Muriwai 5kW + Batteries,2026-09-04T11:30:00+12:00,0.273,0.042,0.0,0.216
Muriwai 5kW + Batteries,2026-09-04T12:00:00+12:00,0.219,0.054,0.0,0.153
Muriwai 5kW + Batteries,2026-09-04T12:30:00+12:00,0.251,0.052,0.0,0.189
Muriwai 5kW + Batteries,2026-09-04T13:00:00+12:00,0.267,0.052,0.0,0.206
Muriwai 5kW + Batteries,2026-09-04T13:30:00+12:00,0.528,0.051,0.0,0.466
Muriwai 5kW + Batteries,2026-09-04T14:00:00+12:00,0.69,0.054,0.0,0.625
Muriwai 5kW + Batteries,2026-09-04T14:30:00+12:00,0.367,0.043,0.0,0.314
Muriwai 5kW + Batteries,2026-09-04T15:00:00+12:00,0.285,0.054,0.0,0.22
Muriwai 5kW + Batteries,2026-09-04T15:30:00+12:00,0.159,0.054,0.0,0.095
Muriwai 5kW + Batteries,2026-09-04T16:00:00+12:00,0.089,0.053,0.0,0.034
Muriwai 5kW + Batteries,2026-09-04T16:30:00+12:00,0.035,0.055,0.022,0.0
Muriwai 5kW + Batteries,2026-09-04T17:00:00+12:00,0.009,0.046,0.023,0.0
Muriwai 5kW + Batteries,2026-09-04T17:30:00+12:00,0.0,0.056,0.072,0.0
Muriwai 5kW + Batteries,2026-09-04T18:00:00+12:00,0.0,0.051,0.069,0.0
Muriwai 5kW + Batteries,2026-09-04T18:30:00+12:00,0.0,0.038,0.049,0.0
Muriwai 5kW + Batteries,2026-09-04T19:00:00+12:00,0.0,0.078,0.101,0.0
Muriwai 5kW + Batteries,2026-09-04T19:30:00+12:00,0.0,0.086,0.108,0.0
Muriwai 5kW + Batteries,2026-09-04T20:00:00+12:00,0.0,0.089,0.112,0.0
Muriwai 5kW + Batteries,2026-09-04T20:30:00+12:00,0.0,0.09,0.113,0.0
Muriwai 5kW + Batteries,2026-09-04T21:00:00+12:00,0.0,0.065,0.016,0.0
Muriwai 5kW + Batteries,2026-09-04T21:30:00+12:00,0.0,0.048,0.0,0.0
Muriwai 5kW + Batteries,2026-09-04T22:00:00+12:00,0.0,0.054,0.0,0.0
Muriwai 5kW + Batteries,2026-09-04T22:30:00+12:00,0.0,0.055,0.0,0.0
Muriwai 5kW + Batteries,2026-09-04T23:00:00+12:00,0.0,0.056,0.0,0.0
Muriwai 5kW + Batteries,2026-09-04T23:30:00+12:00,0.0,0.056,0.0,0.0
Muriwai 5kW + Batteries,2026-09-05T00:00:00+12:00,0.0,0.054,0.0,0.0
Muriwai 5kW + Batteries,2026-09-05T00:30:00+12:00,0.0,0.044,0.0,0.0
Muriwai 5kW + Batteries,2026-09-05T01:00:00+12:00,0.0,0.053,0.0,0.0
Muriwai 5kW + Batteries,2026-09-05T01:30:00+12:00,0.0,0.054,0.0,0.0
Muriwai 5kW + Batteries,2026-09-05T02:00:00+12:00,0.0,0.054,0.0,0.0
Muriwai 5kW + Batteries,2026-09-05T02:30:00+12:00,0.0,0.054,0.0,0.0
Muriwai 5kW + Batteries,2026-09-05T03:00:00+12:00,0.0,0.059,0.0,0.0
Muriwai 5kW + Batteries,2026-09-05T03:30:00+12:00,0.0,0.068,0.0,0.0
Muriwai 5kW + Batteries,2026-09-05T04:00:00+12:00,0.0,0.068,0.0,0.0
Muriwai 5kW + Batteries,2026-09-05T04:30:00+12:00,0.0,0.064,0.0,0.0
Muriwai 5kW + Batteries,2026-09-05T05:00:00+12:00,0.0,0.066,0.0,0.0
Muriwai 5kW + Batteries,2026-09-05T05:30:00+12:00,0.0,0.063,0.0,0.0
Muriwai 5kW + Batteries,2026-09-05T06:00:00+12:00,0.0,0.063,0.0,0.0
Muriwai 5kW + Batteries,2026-09-05T06:30:00+12:00,0.059,0.067,0.0,0.0
Muriwai 5kW + Batteries,2026-09-05T07:00:00+12:00,0.439,0.072,0.0,0.0
Muriwai 5kW + Batteries,2026-09-05T07:30:00+12:00,0.921,0.078,0.0,0.0
Muriwai 5kW + Batteries,2026-09-05T08:00:00+12:00,1.119,0.07,0.0,0.561
Muriwai 5kW + Batteries,2026-09-05T08:30:00+12:00,1.274,0.064,0.0,1.195
Muriwai 5kW + Batteries,2026-09-05T09:00:00+12:00,1.399,0.507,0.0,0.872
Muriwai 5kW + Batteries,2026-09-05T09:30:00+12:00,1.427,1.147,0.0,0.299
Muriwai 5kW + Batteries,2026-09-05T10:00:00+12:00,1.49,0.839,0.0,0.632
Muriwai 5kW + Batteries,2026-09-05T10:30:00+12:00,1.506,0.82,0.0,0.674
Muriwai 5kW + Batteries,2026-09-05T11:00:00+12:00,1.483,0.757,0.0,0.704
Muriwai 5kW + Batteries,2026-09-05T11:30:00+12:00,1.41,0.474,0.0,0.822
Muriwai 5kW + Batteries,2026-09-05T12:00:00+12:00,1.335,0.057,0.0,1.255
Muriwai 5kW + Batteries,2026-09-05T12:30:00+12:00,1.259,0.057,0.0,1.195
Muriwai 5kW + Batteries,2026-09-05T13:00:00+12:00,1.007,0.055,0.0,0.931
Muriwai 5kW + Batteries,2026-09-05T13:30:00+12:00,0.933,0.055,0.0,0.856
Muriwai 5kW + Batteries,2026-09-05T14:00:00+12:00,0.706,0.052,0.0,0.637
Muriwai 5kW + Batteries,2026-09-05T14:30:00+12:00,0.491,0.049,0.0,0.424
Muriwai 5kW + Batteries,2026-09-05T15:00:00+12:00,0.448,0.05,0.0,0.383
Muriwai 5kW + Batteries,2026-09-05T15:30:00+12:00,0.258,0.053,0.0,0.192
Muriwai 5kW + Batteries,2026-09-05T16:00:00+12:00,0.157,0.056,0.0,0.088
Muriwai 5kW + Batteries,2026-09-05T16:30:00+12:00,0.103,0.058,0.0,0.03
Muriwai 5kW + Batteries,2026-09-05T17:00:00+12:00,0.041,0.058,0.0,0.0
Muriwai 5kW + Batteries,2026-09-05T17:30:00+12:00,0.003,0.057,0.057,0.0
Muriwai 5kW + Batteries,2026-09-05T18:00:00+12:00,0.0,0.058,0.08,0.0
Muriwai 5kW + Batteries,2026-09-05T18:30:00+12:00,0.0,0.059,0.083,0.0
Muriwai 5kW + Batteries,2026-09-05T19:00:00+12:00,0.0,0.061,0.084,0.0
Muriwai 5kW + Batteries,2026-09-05T19:30:00+12:00,0.0,0.064,0.087,0.0
Muriwai 5kW + Batteries,2026-09-05T20:00:00+12:00,0.0,0.072,0.096,0.0
Muriwai 5kW + Batteries,2026-09-05T20:30:00+12:00,0.0,0.074,0.097,0.0
Muriwai 5kW + Batteries,2026-09-05T21:00:00+12:00,0.0,0.069,0.016,0.0
Muriwai 5kW + Batteries,2026-09-05T21:30:00+12:00,0.0,0.063,0.0,0.0
Muriwai 5kW + Batteries,2026-09-05T22:00:00+12:00,0.0,0.056,0.0,0.0
Muriwai 5kW + Batteries,2026-09-05T22:30:00+12:00,0.0,0.057,0.0,0.0
Muriwai 5kW + Batteries,2026-09-05T23:00:00+12:00,0.0,0.058,0.0,0.0
Muriwai 5kW + Batteries,2026-09-05T23:30:00+12:00,0.0,0.059,0.0,0.0
Muriwai 5kW + Batteries,2026-09-06T00:00:00+12:00,0.0,0.058,0.0,0.0
Muriwai 5kW + Batteries,2026-09-06T00:30:00+12:00,0.0,0.057,0.0,0.0
Muriwai 5kW + Batteries,2026-09-06T01:00:00+12:00,0.0,0.057,0.0,0.0
Muriwai 5kW + Batteries,2026-09-06T01:30:00+12:00,0.0,0.057,0.0,0.0
Muriwai 5kW + Batteries,2026-09-06T02:00:00+12:00,0.0,0.06,0.0,0.0
Muriwai 5kW + Batteries,2026-09-06T02:30:00+12:00,0.0,0.062,0.0,0.0
Muriwai 5kW + Batteries,2026-09-06T03:00:00+12:00,0.0,0.066,0.0,0.0
Muriwai 5kW + Batteries,2026-09-06T03:30:00+12:00,0.0,0.07,0.0,0.0
Muriwai 5kW + Batteries,2026-09-06T04:00:00+12:00,0.0,0.072,0.0,0.0
Muriwai 5kW + Batteries,2026-09-06T04:30:00+12:00,0.0,0.077,0.0,0.0
Muriwai 5kW + Batteries,2026-09-06T05:00:00+12:00,0.0,0.08,0.0,0.0
Muriwai 5kW + Batteries,2026-09-06T05:30:00+12:00,0.0,0.082,0.0,0.0
Muriwai 5kW + Batteries,2026-09-06T06:00:00+12:00,0.0,0.083,0.0,0.0
Muriwai 5kW + Batteries,2026-09-06T06:30:00+12:00,0.042,0.082,0.0,0.0
Muriwai 5kW + Batteries,2026-09-06T07:00:00+12:00,0.132,0.077,0.0,0.0
Muriwai 5kW + Batteries,2026-09-06T07:30:00+12:00,0.386,0.077,0.0,0.0
Muriwai 5kW + Batteries,2026-09-06T08:00:00+12:00,1.03,0.075,0.0,0.0
Muriwai 5kW + Batteries,2026-09-06T08:30:00+12:00,0.859,0.062,0.0,0.211
Muriwai 5kW + Batteries,2026-09-06T09:00:00+12:00,0.971,0.053,0.0,0.908
Muriwai 5kW + Batteries,2026-09-06T09:30:00+12:00,0.768,0.047,0.0,0.709
Muriwai 5kW + Batteries,2026-09-06T10:00:00+12:00,1.292,0.052,0.0,1.223
Muriwai 5kW + Batteries,2026-09-06T10:30:00+12:00,1.097,0.055,0.0,1.023
Muriwai 5kW + Batteries,2026-09-06T11:00:00+12:00,1.285,0.057,0.0,1.211
Muriwai 5kW + Batteries,2026-09-06T11:30:00+12:00,1.25,0.058,0.0,1.179
Muriwai 5kW + Batteries,2026-09-06T12:00:00+12:00,0.742,0.046,0.0,0.681
Muriwai 5kW + Batteries,2026-09-06T12:30:00+12:00,0.994,0.055,0.0,0.92
Muriwai 5kW + Batteries,2026-09-06T13:00:00+12:00,0.436,0.05,0.0,0.371
Muriwai 5kW + Batteries,2026-09-06T13:30:00+12:00,0.413,0.049,0.0,0.35
Muriwai 5kW + Batteries,2026-09-06T14:00:00+12:00,0.427,0.048,0.0,0.368
Muriwai 5kW + Batteries,2026-09-06T14:30:00+12:00,0.302,0.05,0.0,0.24
Muriwai 5kW + Batteries,2026-09-06T15:00:00+12:00,0.161,0.045,0.0,0.108
Muriwai 5kW + Batteries,2026-09-06T15:30:00+12:00,0.154,0.052,0.0,0.093
Muriwai 5kW + Batteries,2026-09-06T16:00:00+12:00,0.09,0.053,0.0,0.022
Muriwai 5kW + Batteries,2026-09-06T16:30:00+12:00,0.061,0.054,0.0,0.0
Muriwai 5kW + Batteries,2026-09-06T17:00:00+12:00,0.018,0.054,0.015,0.0
Muriwai 5kW + Batteries,2026-09-06T17:30:00+12:00,0.0,0.056,0.074,0.0
Muriwai 5kW + Batteries,2026-09-06T18:00:00+12:00,0.0,0.049,0.067,0.0
Muriwai 5kW + Batteries,2026-09-06T18:30:00+12:00,0.0,0.059,0.082,0.0
Muriwai 5kW + Batteries,2026-09-06T19:00:00+12:00,0.0,0.059,0.082,0.0
Muriwai 5kW + Batteries,2026-09-06T19:30:00+12:00,0.0,0.057,0.08,0.0
Muriwai 5kW + Batteries,2026-09-06T20:00:00+12:00,0.0,0.047,0.066,0.0
Muriwai 5kW + Batteries,2026-09-06T20:30:00+12:00,0.0,0.056,0.079,0.0
Muriwai 5kW + Batteries,2026-09-06T21:00:00+12:00,0.0,0.054,0.013,0.0
Muriwai 5kW + Batteries,2026-09-06T21:30:00+12:00,0.0,0.055,0.0,0.0
Muriwai 5kW + Batteries,2026-09-06T22:00:00+12:00,0.0,0.061,0.0,0.0
Muriwai 5kW + Batteries,2026-09-06T22:30:00+12:00,0.0,0.056,0.0,0.0
Muriwai 5kW + Batteries,2026-09-06T23:00:00+12:00,0.0,0.061,0.0,0.0
Muriwai 5kW + Batteries,2026-09-06T23:30:00+12:00,0.0,0.051,0.0,0.0
Muriwai 5kW + Batteries,2026-09-07T00:00:00+12:00,0.0,0.062,0.0,0.0
Muriwai 5kW + Batteries,2026-09-07T00:30:00+12:00,0.0,0.06,0.0,0.0
Muriwai 5kW + Batteries,2026-09-07T01:00:00+12:00,0.0,0.065,0.0,0.0
Muriwai 5kW + Batteries,2026-09-07T01:30:00+12:00,0.0,0.077,0.0,0.0
Muriwai 5kW + Batteries,2026-09-07T02:00:00+12:00,0.0,0.069,0.0,0.0
Muriwai 5kW + Batteries,2026-09-07T02:30:00+12:00,0.0,0.085,0.0,0.0
Muriwai 5kW + Batteries,2026-09-07T03:00:00+12:00,0.0,0.085,0.0,0.0
Muriwai 5kW + Batteries,2026-09-07T03:30:00+12:00,0.0,0.083,0.0,0.0
Muriwai 5kW + Batteries,2026-09-07T04:00:00+12:00,0.0,0.089,0.0,0.0
Muriwai 5kW + Batteries,2026-09-07T04:30:00+12:00,0.0,0.076,0.0,0.0
Muriwai 5kW + Batteries,2026-09-07T05:00:00+12:00,0.0,0.09,0.0,0.0
Muriwai 5kW + Batteries,2026-09-07T05:30:00+12:00,0.0,0.087,0.0,0.0
Muriwai 5kW + Batteries,2026-09-07T06:00:00+12:00,0.0,0.088,0.0,0.0
Muriwai 5kW + Batteries,2026-09-07T06:30:00+12:00,0.006,0.087,0.0,0.0
Muriwai 5kW + Batteries,2026-09-07T07:00:00+12:00,0.056,0.087,0.0,0.0
Muriwai 5kW + Batteries,2026-09-07T07:30:00+12:00,0.102,0.072,0.0,0.0
Muriwai 5kW + Batteries,2026-09-07T08:00:00+12:00,0.126,0.085,0.0,0.0
Muriwai 5kW + Batteries,2026-09-07T08:30:00+12:00,0.143,0.085,0.0,0.0
Muriwai 5kW + Batteries,2026-09-07T09:00:00+12:00,0.081,0.089,0.096,0.0
Muriwai 5kW + Batteries,2026-09-07T09:30:00+12:00,0.142,0.092,0.093,0.0
Muriwai 5kW + Batteries,2026-09-07T10:00:00+12:00,0.159,0.091,0.074,0.0
Muriwai 5kW + Batteries,2026-09-07T10:30:00+12:00,0.255,0.077,0.016,0.0
Muriwai 5kW + Batteries,2026-09-07T11:00:00+12:00,0.315,0.088,0.0,0.0
Muriwai 5kW + Batteries,2026-09-07T11:30:00+12:00,0.278,0.089,0.0,0.0
Muriwai 5kW + Batteries,2026-09-07T12:00:00+12:00,0.206,0.087,0.023,0.0
Muriwai 5kW + Batteries,2026-09-07T12:30:00+12:00,0.134,0.092,0.066,0.0
Muriwai 5kW + Batteries,2026-09-07T13:00:00+12:00,0.199,0.078,0.098,0.0
Muriwai 5kW + Batteries,2026-09-07T13:30:00+12:00,0.182,0.091,0.116,0.0
Muriwai 5kW + Batteries,2026-09-07T14:00:00+12:00,0.226,0.091,0.117,0.0
Muriwai 5kW + Batteries,2026-09-07T14:30:00+12:00,0.373,0.078,0.037,0.178
Muriwai 5kW + Batteries,2026-09-07T15:00:00+12:00,0.373,0.073,0.0,0.289
Muriwai 5kW + Batteries,2026-09-07T15:30:00+12:00,0.232,0.06,0.0,0.166
Muriwai 5kW + Batteries,2026-09-07T16:00:00+12:00,0.19,0.073,0.0,0.109
Muriwai 5kW + Batteries,2026-09-07T16:30:00+12:00,0.09,0.079,0.005,0.0
Muriwai 5kW + Batteries,2026-09-07T17:00:00+12:00,0.043,0.08,0.0,0.0
Muriwai 5kW + Batteries,2026-09-07T17:30:00+12:00,0.001,0.082,0.076,0.0
Muriwai 5kW + Batteries,2026-09-07T18:00:00+12:00,0.0,0.083,0.105,0.0
Muriwai 5kW + Batteries,2026-09-07T18:30:00+12:00,0.0,0.071,0.089,0.0
Muriwai 5kW + Batteries,2026-09-07T19:00:00+12:00,0.0,0.085,0.107,0.0
Muriwai 5kW + Batteries,2026-09-07T19:30:00+12:00,0.0,0.085,0.108,0.0
Muriwai 5kW + Batteries,2026-09-07T20:00:00+12:00,0.0,0.087,0.109,0.0
Muriwai 5kW + Batteries,2026-09-07T20:30:00+12:00,0.0,0.088,0.111,0.0
Muriwai 5kW + Batteries,2026-09-07T21:00:00+12:00,0.0,0.084,0.018,0.0
Muriwai 5kW + Batteries,2026-09-07T21:30:00+12:00,0.0,0.084,0.0,0.0
Muriwai 5kW + Batteries,2026-09-07T22:00:00+12:00,0.0,0.085,0.0,0.0
Muriwai 5kW + Batteries,2026-09-07T22:30:00+12:00,0.0,0.084,0.0,0.0
Muriwai 5kW + Batteries,2026-09-07T23:00:00+12:00,0.0,0.082,0.0,0.0
Muriwai 5kW + Batteries,2026-09-07T23:30:00+12:00,0.0,0.08,0.0,0.0
Muriwai 5kW + Batteries,2026-09-08T00:00:00+12:00,0.0,0.08,0.0,0.0
Muriwai 5kW + Batteries,2026-09-08T00:30:00+12:00,0.0,0.081,0.0,0.0
Muriwai 5kW + Batteries,2026-09-08T01:00:00+12:00,0.0,0.081,0.0,0.0
Muriwai 5kW + Batteries,2026-09-08T01:30:00+12:00,0.0,0.081,0.0,0.0
Muriwai 5kW + Batteries,2026-09-08T02:00:00+12:00,0.0,0.079,0.0,0.0
Muriwai 5kW + Batteries,2026-09-08T02:30:00+12:00,0.0,0.08,0.0,0.0
Muriwai 5kW + Batteries,2026-09-08T03:00:00+12:00,0.0,0.08,0.0,0.0
Muriwai 5kW + Batteries,2026-09-08T03:30:00+12:00,0.0,0.081,0.0,0.0
Muriwai 5kW + Batteries,2026-09-08T04:00:00+12:00,0.0,0.082,0.0,0.0
Muriwai 5kW + Batteries,2026-09-08T04:30:00+12:00,0.0,0.082,0.0,0.0
Muriwai 5kW + Batteries,2026-09-08T05:00:00+12:00,0.0,0.084,0.0,0.0
Muriwai 5kW + Batteries,2026-09-08T05:30:00+12:00,0.0,0.083,0.0,0.0
Muriwai 5kW + Batteries,2026-09-08T06:00:00+12:00,0.0,0.086,0.0,0.0
Muriwai 5kW + Batteries,2026-09-08T06:30:00+12:00,0.019,0.086,0.0,0.0
Muriwai 5kW + Batteries,2026-09-08T07:00:00+12:00,0.083,0.085,0.0,0.0
Muriwai 5kW + Batteries,2026-09-08T07:30:00+12:00,0.221,0.084,0.0,0.0
Muriwai 5kW + Batteries,2026-09-08T08:00:00+12:00,0.413,0.083,0.0,0.0
Muriwai 5kW + Batteries,2026-09-08T08:30:00+12:00,0.342,0.084,0.0,0.0
Muriwai 5kW + Batteries,2026-09-08T09:00:00+12:00,0.878,0.082,0.0,0.0
Muriwai 5kW + Batteries,2026-09-08T09:30:00+12:00,1.139,0.077,0.0,0.429
Muriwai 5kW + Batteries,2026-09-08T10:00:00+12:00,0.907,0.068,0.0,0.854
Muriwai 5kW + Batteries,2026-09-08T10:30:00+12:00,0.93,0.064,0.0,0.884
Muriwai 5kW + Batteries,2026-09-08T11:00:00+12:00,0.809,0.06,0.0,0.746
Muriwai 5kW + Batteries,2026-09-08T11:30:00+12:00,0.688,0.058,0.0,0.572
Muriwai 5kW + Batteries,2026-09-08T12:00:00+12:00,1.178,0.058,0.0,1.102
Muriwai 5kW + Batteries,2026-09-08T12:30:00+12:00,0.734,0.05,0.0,0.671
Muriwai 5kW + Batteries,2026-09-08T13:00:00+12:00,0.645,0.049,0.0,0.58
Muriwai 5kW + Batteries,2026-09-08T13:30:00+12:00,0.742,0.051,0.0,0.694
Muriwai 5kW + Batteries,2026-09-08T14:00:00+12:00,0.828,0.053,0.013,0.43
Muriwai 5kW + Batteries,2026-09-08T14:30:00+12:00,0.479,0.047,0.0,0.409
Muriwai 5kW + Batteries,2026-09-08T15:00:00+12:00,0.335,0.048,0.0,0.265
Muriwai 5kW + Batteries,2026-09-08T15:30:00+12:00,0.296,0.047,0.0,0.236
Muriwai 5kW + Batteries,2026-09-08T16:00:00+12:00,0.16,0.055,0.0,0.094
Muriwai 5kW + Batteries,2026-09-08T16:30:00+12:00,0.159,0.067,0.0,0.073
Muriwai 5kW + Batteries,2026-09-08T17:00:00+12:00,0.043,0.064,0.0,0.011
Muriwai 5kW + Batteries,2026-09-08T17:30:00+12:00,0.002,0.065,0.011,0.0
Muriwai 5kW + Batteries,2026-09-08T18:00:00+12:00,0.0,0.07,0.089,0.0
Muriwai 5kW + Batteries,2026-09-08T18:30:00+12:00,0.0,0.072,0.095,0.0
Muriwai 5kW + Batteries,2026-09-08T19:00:00+12:00,0.0,0.071,0.092,0.0
Muriwai 5kW + Batteries,2026-09-08T19:30:00+12:00,0.0,0.073,0.097,0.0
Muriwai 5kW + Batteries,2026-09-08T20:00:00+12:00,0.0,0.076,0.101,0.0
Muriwai 5kW + Batteries,2026-09-08T20:30:00+12:00,0.0,0.081,0.105,0.0
Muriwai 5kW + Batteries,2026-09-08T21:00:00+12:00,0.0,0.082,0.018,0.0
Muriwai 5kW + Batteries,2026-09-08T21:30:00+12:00,0.0,0.082,0.0,0.0
Muriwai 5kW + Batteries,2026-09-08T22:00:00+12:00,0.0,0.084,0.0,0.0
Muriwai 5kW + Batteries,2026-09-08T22:30:00+12:00,0.0,0.085,0.0,0.0
Muriwai 5kW + Batteries,2026-09-08T23:00:00+12:00,0.0,0.088,0.0,0.0
Muriwai 5kW + Batteries,2026-09-08T23:30:00+12:00,0.0,0.088,0.0,0.0
Muriwai 5kW + Batteries,2026-09-09T00:00:00+12:00,0.0,0.088,0.0,0.0
Muriwai 5kW + Batteries,2026-09-09T00:30:00+12:00,0.0,0.088,0.0,0.0
Muriwai 5kW + Batteries,2026-09-09T01:00:00+12:00,0.0,0.09,0.0,0.0
Muriwai 5kW + Batteries,2026-09-09T01:30:00+12:00,0.0,0.089,0.0,0.0
Muriwai 5kW + Batteries,2026-09-09T02:00:00+12:00,0.0,0.09,0.0,0.0
Muriwai 5kW + Batteries,2026-09-09T02:30:00+12:00,0.0,0.09,0.0,0.0
Muriwai 5kW + Batteries,2026-09-09T03:00:00+12:00,0.0,0.089,0.0,0.0
Muriwai 5kW + Batteries,2026-09-09T03:30:00+12:00,0.0,0.09,0.0,0.0
Muriwai 5kW + Batteries,2026-09-09T04:00:00+12:00,0.0,0.089,0.0,0.0
Muriwai 5kW + Batteries,2026-09-09T04:30:00+12:00,0.0,0.09,0.0,0.0
Muriwai 5kW + Batteries,2026-09-09T05:00:00+12:00,0.0,0.091,0.0,0.0
Muriwai 5kW + Batteries,2026-09-09T05:30:00+12:00,0.0,0.091,0.0,0.0
Muriwai 5kW + Batteries,2026-09-09T06:00:00+12:00,0.003,0.088,0.0,0.0
Muriwai 5kW + Batteries,2026-09-09T06:30:00+12:00,0.113,0.089,0.0,0.0
Muriwai 5kW + Batteries,2026-09-09T07:00:00+12:00,0.441,0.09,0.0,0.0
Muriwai 5kW + Batteries,2026-09-09T07:30:00+12:00,0.64,0.089,0.0,0.0
Muriwai 5kW + Batteries,2026-09-09T08:00:00+12:00,1.197,0.091,0.0,0.0
Muriwai 5kW + Batteries,2026-09-09T08:30:00+12:00,0.7,0.09,0.0,0.256
Muriwai 5kW + Batteries,2026-09-09T09:00:00+12:00,0.81,0.077,0.0,0.759
Muriwai 5kW + Batteries,2026-09-09T09:30:00+12:00,1.049,0.09,0.0,0.903
Muriwai 5kW + Batteries,2026-09-09T10:00:00+12:00,1.501,0.082,0.0,1.386
Muriwai 5kW + Batteries,2026-09-09T10:30:00+12:00,1.22,0.066,0.0,1.14
Muriwai 5kW + Batteries,2026-09-09T11:00:00+12:00,1.472,0.056,0.0,1.391
Muriwai 5kW + Batteries,2026-09-09T11:30:00+12:00,1.2,0.048,0.0,1.141
Muriwai 5kW + Batteries,2026-09-09T12:00:00+12:00,1.371,0.056,0.0,1.3
Muriwai 5kW + Batteries,2026-09-09T12:30:00+12:00,1.237,0.055,0.0,1.165
Muriwai 5kW + Batteries,2026-09-09T13:00:00+12:00,1.083,0.054,0.0,1.011
Muriwai 5kW + Batteries,2026-09-09T13:30:00+12:00,0.842,0.052,0.0,0.776
Muriwai 5kW + Batteries,2026-09-09T14:00:00+12:00,0.647,0.05,0.0,0.582
Muriwai 5kW + Batteries,2026-09-09T14:30:00+12:00,0.35,0.042,0.0,0.296
Muriwai 5kW + Batteries,2026-09-09T15:00:00+12:00,0.267,0.051,0.0,0.206
Muriwai 5kW + Batteries,2026-09-09T15:30:00+12:00,0.201,0.053,0.0,0.139
Muriwai 5kW + Batteries,2026-09-09T16:00:00+12:00,0.166,0.053,0.0,0.103
Muriwai 5kW + Batteries,2026-09-09T16:30:00+12:00,0.083,0.056,0.0,0.019
Muriwai 5kW + Batteries,2026-09-09T17:00:00+12:00,0.045,0.049,0.0,0.01
Muriwai 5kW + Batteries,2026-09-09T17:30:00+12:00,0.002,0.063,0.036,0.0
Muriwai 5kW + Batteries,2026-09-09T18:00:00+12:00,0.0,0.071,0.093,0.0
Muriwai 5kW + Batteries,2026-09-09T18:30:00+12:00,0.0,0.073,0.095,0.0
Muriwai 5kW + Batteries,2026-09-09T19:00:00+12:00,0.0,0.079,0.101,0.0
Muriwai 5kW + Batteries,2026-09-09T19:30:00+12:00,0.0,0.084,0.108,0.0
Muriwai 5kW + Batteries,2026-09-09T20:00:00+12:00,0.0,0.073,0.093,0.0
Muriwai 5kW + Batteries,2026-09-09T20:30:00+12:00,0.0,0.09,0.113,0.0
Muriwai 5kW + Batteries,2026-09-09T21:00:00+12:00,0.0,0.09,0.019,0.0
Muriwai 5kW + Batteries,2026-09-09T21:30:00+12:00,0.0,0.089,0.0,0.0
Muriwai 5kW + Batteries,2026-09-09T22:00:00+12:00,0.0,0.091,0.0,0.0
Muriwai 5kW + Batteries,2026-09-09T22:30:00+12:00,0.0,0.091,0.0,0.0
Muriwai 5kW + Batteries,2026-09-09T23:00:00+12:00,0.0,0.075,0.0,0.0
Muriwai 5kW + Batteries,2026-09-09T23:30:00+12:00,0.0,0.091,0.0,0.0
Muriwai 5kW + Batteries,2026-09-10T00:00:00+12:00,0.0,0.092,0.0,0.0
Muriwai 5kW + Batteries,2026-09-10T00:30:00+12:00,0.0,0.091,0.0,0.0
Muriwai 5kW + Batteries,2026-09-10T01:00:00+12:00,0.0,0.094,0.0,0.0
Muriwai 5kW + Batteries,2026-09-10T01:30:00+12:00,0.0,0.08,0.0,0.0
Muriwai 5kW + Batteries,2026-09-10T02:00:00+12:00,0.0,0.097,0.0,0.0
Muriwai 5kW + Batteries,2026-09-10T02:30:00+12:00,0.0,0.098,0.0,0.0
Muriwai 5kW + Batteries,2026-09-10T03:00:00+12:00,0.0,0.095,0.0,0.0
Muriwai 5kW + Batteries,2026-09-10T03:30:00+12:00,0.0,0.095,0.0,0.0
Muriwai 5kW + Batteries,2026-09-10T04:00:00+12:00,0.0,0.095,0.0,0.0
Muriwai 5kW + Batteries,2026-09-10T04:30:00+12:00,0.0,0.079,0.0,0.0
Muriwai 5kW + Batteries,2026-09-10T05:00:00+12:00,0.0,0.097,0.0,0.0
Muriwai 5kW + Batteries,2026-09-10T05:30:00+12:00,0.0,0.097,0.0,0.0
Muriwai 5kW + Batteries,2026-09-10T06:00:00+12:00,0.003,0.096,0.0,0.0
Muriwai 5kW + Batteries,2026-09-10T06:30:00+12:00,0.134,0.094,0.0,0.0
Muriwai 5kW + Batteries,2026-09-10T07:00:00+12:00,0.725,0.095,0.0,0.0
Muriwai 5kW + Batteries,2026-09-10T07:30:00+12:00,0.848,0.079,0.0,0.0
Muriwai 5kW + Batteries,2026-09-10T08:00:00+12:00,1.19,0.092,0.0,0.17
Muriwai 5kW + Batteries,2026-09-10T08:30:00+12:00,1.323,0.087,0.0,1.222
Muriwai 5kW + Batteries,2026-09-10T09:00:00+12:00,1.421,0.069,0.0,1.333
Muriwai 5kW + Batteries,2026-09-10T09:30:00+12:00,1.441,0.056,0.0,1.371
Muriwai 5kW + Batteries,2026-09-10T10:00:00+12:00,1.183,0.048,0.0,1.127
Muriwai 5kW + Batteries,2026-09-10T10:30:00+12:00,1.347,0.058,0.0,1.277
Muriwai 5kW + Batteries,2026-09-10T11:00:00+12:00,1.454,0.06,0.0,1.382
Muriwai 5kW + Batteries,2026-09-10T11:30:00+12:00,1.171,0.057,0.0,1.103
Muriwai 5kW + Batteries,2026-09-10T12:00:00+12:00,1.251,0.057,0.0,1.179
Muriwai 5kW + Batteries,2026-09-10T12:30:00+12:00,0.768,0.045,0.0,0.709
Muriwai 5kW + Batteries,2026-09-10T13:00:00+12:00,0.915,0.055,0.0,0.842
Muriwai 5kW + Batteries,2026-09-10T13:30:00+12:00,0.654,0.052,0.0,0.59
Muriwai 5kW + Batteries,2026-09-10T14:00:00+12:00,0.524,0.05,0.0,0.461
Muriwai 5kW + Batteries,2026-09-10T14:30:00+12:00,0.408,0.049,0.0,0.345
Muriwai 5kW + Batteries,2026-09-10T15:00:00+12:00,0.361,0.051,0.0,0.296
Muriwai 5kW + Batteries,2026-09-10T15:30:00+12:00,0.179,0.045,0.0,0.127
Muriwai 5kW + Batteries,2026-09-10T16:00:00+12:00,0.194,0.056,0.0,0.128
Muriwai 5kW + Batteries,2026-09-10T16:30:00+12:00,0.086,0.058,0.0,0.017
Muriwai 5kW + Batteries,2026-09-10T17:00:00+12:00,0.023,0.055,0.015,0.0
Muriwai 5kW + Batteries,2026-09-10T17:30:00+12:00,0.0,0.056,0.073,0.0
Muriwai 5kW + Batteries,2026-09-10T18:00:00+12:00,0.0,0.057,0.08,0.0
Muriwai 5kW + Batteries,2026-09-10T18:30:00+12:00,0.0,0.059,0.081,0.0
Muriwai 5kW + Batteries,2026-09-10T19:00:00+12:00,0.0,0.064,0.087,0.0
Muriwai 5kW + Batteries,2026-09-10T19:30:00+12:00,0.0,0.073,0.096,0.0
Muriwai 5kW + Batteries,2026-09-10T20:00:00+12:00,0.0,0.074,0.097,0.0
Muriwai 5kW + Batteries,2026-09-10T20:30:00+12:00,0.0,0.078,0.101,0.0
Muriwai 5kW + Batteries,2026-09-10T21:00:00+12:00,0.0,0.081,0.017,0.0
Muriwai 5kW + Batteries,2026-09-10T21:30:00+12:00,0.0,0.078,0.0,0.0
Muriwai 5kW + Batteries,2026-09-10T22:00:00+12:00,0.0,0.087,0.0,0.0
Muriwai 5kW + Batteries,2026-09-10T22:30:00+12:00,0.0,0.089,0.0,0.0
Muriwai 5kW + Batteries,2026-09-10T23:00:00+12:00,0.0,0.089,0.0,0.0
Muriwai 5kW + Batteries,2026-09-10T23:30:00+12:00,0.0,0.087,0.0,0.0
Muriwai 5kW + Batteries,2026-09-11T00:00:00+12:00,0.0,0.087,0.0,0.0
Muriwai 5kW + Batteries,2026-09-11T00:30:00+12:00,0.0,0.088,0.0,0.0
Muriwai 5kW + Batteries,2026-09-11T01:00:00+12:00,0.0,0.088,0.0,0.0
Muriwai 5kW + Batteries,2026-09-11T01:30:00+12:00,0.0,0.089,0.0,0.0
Muriwai 5kW + Batteries,2026-09-11T02:00:00+12:00,0.0,0.092,0.0,0.0
Muriwai 5kW + Batteries,2026-09-11T02:30:00+12:00,0.0,0.093,0.0,0.0
Muriwai 5kW + Batteries,2026-09-11T03:00:00+12:00,0.0,0.094,0.0,0.0
Muriwai 5kW + Batteries,2026-09-11T03:30:00+12:00,0.0,0.095,0.0,0.0
Muriwai 5kW + Batteries,2026-09-11T04:00:00+12:00,0.0,0.094,0.0,0.0
Muriwai 5kW + Batteries,2026-09-11T04:30:00+12:00,0.0,0.092,0.0,0.0
Muriwai 5kW + Batteries,2026-09-11T05:00:00+12:00,0.0,0.09,0.0,0.0
Muriwai 5kW + Batteries,2026-09-11T05:30:00+12:00,0.0,0.088,0.0,0.0
Muriwai 5kW + Batteries,2026-09-11T06:00:00+12:00,0.001,0.087,0.0,0.0
Muriwai 5kW + Batteries,2026-09-11T06:30:00+12:00,0.043,0.086,0.0,0.0
Muriwai 5kW + Batteries,2026-09-11T07:00:00+12:00,0.702,0.088,0.0,0.0
Muriwai 5kW + Batteries,2026-09-11T07:30:00+12:00,0.309,0.086,0.0,0.0
Muriwai 5kW + Batteries,2026-09-11T08:00:00+12:00,0.377,0.083,0.0,0.0
Muriwai 5kW + Batteries,2026-09-11T08:30:00+12:00,0.322,0.084,0.0,0.0
Muriwai 5kW + Batteries,2026-09-11T09:00:00+12:00,0.367,0.08,0.0,0.0
Muriwai 5kW + Batteries,2026-09-11T09:30:00+12:00,0.618,0.079,0.0,0.0
Muriwai 5kW + Batteries,2026-09-11T10:00:00+12:00,0.926,0.065,0.0,0.766
Muriwai 5kW + Batteries,2026-09-11T10:30:00+12:00,1.379,0.069,0.0,1.294
Muriwai 5kW + Batteries,2026-09-11T11:00:00+12:00,1.13,0.062,0.0,1.055
Muriwai 5kW + Batteries,2026-09-11T11:30:00+12:00,0.937,0.055,0.0,0.874
Muriwai 5kW + Batteries,2026-09-11T12:00:00+12:00,1.058,0.056,0.0,0.99
Muriwai 5kW + Batteries,2026-09-11T12:30:00+12:00,1.242,0.056,0.0,1.172
Muriwai 5kW + Batteries,2026-09-11T13:00:00+12:00,1.11,0.056,0.0,1.037
Muriwai 5kW + Batteries,2026-09-11T13:30:00+12:00,0.924,0.055,0.0,0.854
Muriwai 5kW + Batteries,2026-09-11T14:00:00+12:00,0.594,0.053,0.0,0.531
Muriwai 5kW + Batteries,2026-09-11T14:30:00+12:00,0.395,0.049,0.0,0.333
Muriwai 5kW + Batteries,2026-09-11T15:00:00+12:00,0.314,0.121,0.028,0.212
Muriwai 5kW + Batteries,2026-09-11T15:30:00+12:00,0.131,0.299,0.175,0.0
Muriwai 5kW + Batteries,2026-09-11T16:00:00+12:00,0.083,0.283,0.206,0.0
Muriwai 5kW + Batteries,2026-09-11T16:30:00+12:00,0.049,0.249,0.204,0.0
Muriwai 5kW + Batteries,2026-09-11T17:00:00+12:00,0.027,0.063,0.019,0.0
Muriwai 5kW + Batteries,2026-09-11T17:30:00+12:00,0.002,0.067,0.077,0.0
Muriwai 5kW + Batteries,2026-09-11T18:00:00+12:00,0.0,0.069,0.091,0.0
Muriwai 5kW + Batteries,2026-09-11T18:30:00+12:00,0.0,0.073,0.095,0.0
Muriwai 5kW + Batteries,2026-09-11T19:00:00+12:00,0.0,0.079,0.101,0.0
Muriwai 5kW + Batteries,2026-09-11T19:30:00+12:00,0.0,0.082,0.104,0.0
Muriwai 5kW + Batteries,2026-09-11T20:00:00+12:00,0.0,0.083,0.106,0.0
Muriwai 5kW + Batteries,2026-09-11T20:30:00+12:00,0.0,0.084,0.106,0.0
Muriwai 5kW + Batteries,2026-09-11T21:00:00+12:00,0.0,0.079,0.017,0.0
Muriwai 5kW + Batteries,2026-09-11T21:30:00+12:00,0.0,0.074,0.0,0.0
Muriwai 5kW + Batteries,2026-09-11T22:00:00+12:00,0.0,0.071,0.0,0.0
Muriwai 5kW + Batteries,2026-09-11T22:30:00+12:00,0.0,0.076,0.0,0.0
Muriwai 5kW + Batteries,2026-09-11T23:00:00+12:00,0.0,0.075,0.0,0.0
Muriwai 5kW + Batteries,2026-09-11T23:30:00+12:00,0.0,0.077,0.0,0.0
Muriwai 5kW + Batteries,2026-09-12T00:00:00+12:00,0.0,0.077,0.0,0.0
Muriwai 5kW + Batteries,2026-09-12T00:30:00+12:00,0.0,0.074,0.0,0.0
Muriwai 5kW + Batteries,2026-09-12T01:00:00+12:00,0.0,0.075,0.0,0.0
Muriwai 5kW + Batteries,2026-09-12T01:30:00+12:00,0.0,0.077,0.0,0.0
Muriwai 5kW + Batteries,2026-09-12T02:00:00+12:00,0.0,0.081,0.0,0.0
Muriwai 5kW + Batteries,2026-09-12T02:30:00+12:00,0.0,0.082,0.0,0.0
Muriwai 5kW + Batteries,2026-09-12T03:00:00+12:00,0.0,0.084,0.0,0.0
Muriwai 5kW + Batteries,2026-09-12T03:30:00+12:00,0.0,0.071,0.0,0.0
Muriwai 5kW + Batteries,2026-09-12T04:00:00+12:00,0.0,0.087,0.0,0.0
Muriwai 5kW + Batteries,2026-09-12T04:30:00+12:00,0.0,0.087,0.0,0.0
Muriwai 5kW + Batteries,2026-09-12T05:00:00+12:00,0.0,0.087,0.0,0.0
Muriwai 5kW + Batteries,2026-09-12T05:30:00+12:00,0.0,0.088,0.0,0.0
Muriwai 5kW + Batteries,2026-09-12T06:00:00+12:00,0.001,0.075,0.0,0.0
Muriwai 5kW + Batteries,2026-09-12T06:30:00+12:00,0.142,0.089,0.0,0.0
Muriwai 5kW + Batteries,2026-09-12T07:00:00+12:00,0.738,0.089,0.0,0.0
Muriwai 5kW + Batteries,2026-09-12T07:30:00+12:00,0.681,0.088,0.0,0.0
Muriwai 5kW + Batteries,2026-09-12T08:00:00+12:00,0.38,0.092,0.0,0.0
Muriwai 5kW + Batteries,2026-09-12T08:30:00+12:00,0.283,0.094,0.0,0.0
Muriwai 5kW + Batteries,2026-09-12T09:00:00+12:00,0.201,0.075,0.0,0.018
Muriwai 5kW + Batteries,2026-09-12T09:30:00+12:00,0.192,0.092,0.0,0.0
Muriwai 5kW + Batteries,2026-09-12T10:00:00+12:00,0.623,0.08,0.0,0.44
Muriwai 5kW + Batteries,2026-09-12T10:30:00+12:00,0.949,0.079,0.0,0.895
Muriwai 5kW + Batteries,2026-09-12T11:00:00+12:00,0.863,0.059,0.0,0.842
Muriwai 5kW + Batteries,2026-09-12T11:30:00+12:00,0.58,0.045,0.0,0.551
Muriwai 5kW + Batteries,2026-09-12T12:00:00+12:00,1.14,0.055,0.0,1.063
Muriwai 5kW + Batteries,2026-09-12T12:30:00+12:00,0.696,0.053,0.0,0.646
Muriwai 5kW + Batteries,2026-09-12T13:00:00+12:00,1.1,0.055,0.0,1.051
Muriwai 5kW + Batteries,2026-09-12T13:30:00+12:00,0.693,0.051,0.0,0.623
Muriwai 5kW + Batteries,2026-09-12T14:00:00+12:00,0.702,0.052,0.0,0.638
Muriwai 5kW + Batteries,2026-09-12T14:30:00+12:00,0.443,0.042,0.0,0.388
Muriwai 5kW + Batteries,2026-09-12T15:00:00+12:00,0.293,0.052,0.0,0.232
Muriwai 5kW + Batteries,2026-09-12T15:30:00+12:00,0.218,0.051,0.0,0.157
Muriwai 5kW + Batteries,2026-09-12T16:00:00+12:00,0.137,0.053,0.0,0.08
Muriwai 5kW + Batteries,2026-09-12T16:30:00+12:00,0.079,0.055,0.0,0.016
Muriwai 5kW + Batteries,2026-09-12T17:00:00+12:00,0.015,0.052,0.0,0.0
Muriwai 5kW + Batteries,2026-09-12T17:30:00+12:00,0.0,0.06,0.01,0.0
Muriwai 5kW + Batteries,2026-09-12T18:00:00+12:00,0.0,0.061,0.073,0.0
Muriwai 5kW + Batteries,2026-09-12T18:30:00+12:00,0.0,0.06,0.08,0.0
Muriwai 5kW + Batteries,2026-09-12T19:00:00+12:00,0.0,0.061,0.087,0.0
Muriwai 5kW + Batteries,2026-09-12T19:30:00+12:00,0.0,0.061,0.085,0.0
Muriwai 5kW + Batteries,2026-09-12T20:00:00+12:00,0.0,0.05,0.07,0.0
Muriwai 5kW + Batteries,2026-09-12T20:30:00+12:00,0.0,0.075,0.099,0.0
Muriwai 5kW + Batteries,2026-09-12T21:00:00+12:00,0.0,0.078,0.017,0.0
Muriwai 5kW + Batteries,2026-09-12T21:30:00+12:00,0.0,0.081,0.0,0.0
Muriwai 5kW + Batteries,2026-09-12T22:00:00+12:00,0.0,0.081,0.0,0.0
Muriwai 5kW + Batteries,2026-09-12T22:30:00+12:00,0.0,0.071,0.0,0.0
Muriwai 5kW + Batteries,2026-09-12T23:00:00+12:00,0.0,0.087,0.0,0.0
Muriwai 5kW + Batteries,2026-09-12T23:30:00+12:00,0.0,0.088,0.0,0.0
Muriwai 5kW + Batteries,2026-09-13T00:00:00+12:00,0.0,0.088,0.0,0.0
Muriwai 5kW + Batteries,2026-09-13T00:30:00+12:00,0.0,0.09,0.0,0.0
Muriwai 5kW + Batteries,2026-09-13T01:00:00+12:00,0.0,0.091,0.0,0.0
Muriwai 5kW + Batteries,2026-09-13T01:30:00+12:00,0.0,0.076,0.0,0.0
Muriwai 5kW + Batteries,2026-09-13T02:00:00+12:00,0.0,0.092,0.0,0.0
Muriwai 5kW + Batteries,2026-09-13T02:30:00+12:00,0.0,0.093,0.0,0.0
Muriwai 5kW + Batteries,2026-09-13T03:00:00+12:00,0.0,0.093,0.0,0.0
Muriwai 5kW + Batteries,2026-09-13T03:30:00+12:00,0.0,0.093,0.0,0.0
Muriwai 5kW + Batteries,2026-09-13T04:00:00+12:00,0.0,0.094,0.0,0.0
Muriwai 5kW + Batteries,2026-09-13T04:30:00+12:00,0.0,0.077,0.0,0.0
Muriwai 5kW + Batteries,2026-09-13T05:00:00+12:00,0.0,0.093,0.0,0.0
Muriwai 5kW + Batteries,2026-09-13T05:30:00+12:00,0.0,0.094,0.0,0.0
Muriwai 5kW + Batteries,2026-09-13T06:00:00+12:00,0.007,0.094,0.0,0.0
Muriwai 5kW + Batteries,2026-09-13T06:30:00+12:00,0.192,0.092,0.0,0.0
Muriwai 5kW + Batteries,2026-09-13T07:00:00+12:00,0.617,0.076,0.0,0.0
Muriwai 5kW + Batteries,2026-09-13T07:30:00+12:00,1.0,0.085,0.0,0.0
Muriwai 5kW + Batteries,2026-09-13T08:00:00+12:00,1.188,0.08,0.0,0.364
Muriwai 5kW + Batteries,2026-09-13T08:30:00+12:00,1.324,0.066,0.0,1.242
Muriwai 5kW + Batteries,2026-09-13T09:00:00+12:00,1.429,0.056,0.0,1.353
Muriwai 5kW + Batteries,2026-09-13T09:30:00+12:00,1.497,0.061,0.0,1.423
Muriwai 5kW + Batteries,2026-09-13T10:00:00+12:00,1.271,0.052,0.0,1.208
Muriwai 5kW + Batteries,2026-09-13T10:30:00+12:00,1.496,0.062,0.0,1.42
Muriwai 5kW + Batteries,2026-09-13T11:00:00+12:00,1.5,0.06,0.0,1.427
Muriwai 5kW + Batteries,2026-09-13T11:30:00+12:00,1.451,0.059,0.0,1.378
Muriwai 5kW + Batteries,2026-09-13T12:00:00+12:00,1.368,0.056,0.0,1.302
Muriwai 5kW + Batteries,2026-09-13T12:30:00+12:00,1.043,0.046,0.0,0.987
Muriwai 5kW + Batteries,2026-09-13T13:00:00+12:00,1.123,0.055,0.0,1.054
Muriwai 5kW + Batteries,2026-09-13T13:30:00+12:00,0.953,0.054,0.0,0.882
Muriwai 5kW + Batteries,2026-09-13T14:00:00+12:00,0.754,0.053,0.0,0.69
Muriwai 5kW + Batteries,2026-09-13T14:30:00+12:00,0.528,0.051,0.0,0.466
Muriwai 5kW + Batteries,2026-09-13T15:00:00+12:00,0.28,0.053,0.0,0.22
Muriwai 5kW + Batteries,2026-09-13T15:30:00+12:00,0.142,0.059,0.0,0.078
Muriwai 5kW + Batteries,2026-09-13T16:00:00+12:00,0.076,0.059,0.0,0.0
Muriwai 5kW + Batteries,2026-09-13T16:30:00+12:00,0.077,0.057,0.0,0.011
Muriwai 5kW + Batteries,2026-09-13T17:00:00+12:00,0.071,0.059,0.0,0.005
Muriwai 5kW + Batteries,2026-09-13T17:30:00+12:00,0.008,0.058,0.039,0.0
Muriwai 5kW + Batteries,2026-09-13T18:00:00+12:00,0.0,0.058,0.079,0.0
Muriwai 5kW + Batteries,2026-09-13T18:30:00+12:00,0.0,0.059,0.081,0.0
Muriwai 5kW + Batteries,2026-09-13T19:00:00+12:00,0.0,0.059,0.082,0.0
Muriwai 5kW + Batteries,2026-09-13T19:30:00+12:00,0.0,0.05,0.069,0.0
Muriwai 5kW + Batteries,2026-09-13T20:00:00+12:00,0.0,0.063,0.086,0.0
Muriwai 5kW + Batteries,2026-09-13T20:30:00+12:00,0.0,0.07,0.093,0.0
Muriwai 5kW + Batteries,2026-09-13T21:00:00+12:00,0.0,0.071,0.016,0.0
Muriwai 5kW + Batteries,2026-09-13T21:30:00+12:00,0.0,0.076,0.0,0.0
Muriwai 5kW + Batteries,2026-09-13T22:00:00+12:00,0.0,0.078,0.0,0.0
Muriwai 5kW + Batteries,2026-09-13T22:30:00+12:00,0.0,0.08,0.0,0.0
Muriwai 5kW + Batteries,2026-09-13T23:00:00+12:00,0.0,0.069,0.0,0.0
Muriwai 5kW + Batteries,2026-09-13T23:30:00+12:00,0.0,0.086,0.0,0.0
Muriwai 5kW + Batteries,2026-09-14T00:00:00+12:00,0.0,0.087,0.0,0.0
Muriwai 5kW + Batteries,2026-09-14T00:30:00+12:00,0.0,0.088,0.0,0.0
Muriwai 5kW + Batteries,2026-09-14T01:00:00+12:00,0.0,0.09,0.0,0.0
Muriwai 5kW + Batteries,2026-09-14T01:30:00+12:00,0.0,0.076,0.0,0.0
Muriwai 5kW + Batteries,2026-09-14T02:00:00+12:00,0.0,0.091,0.0,0.0
Muriwai 5kW + Batteries,2026-09-14T02:30:00+12:00,0.0,0.091,0.0,0.0
Muriwai 5kW + Batteries,2026-09-14T03:00:00+12:00,0.0,0.092,0.0,0.0
Muriwai 5kW + Batteries,2026-09-14T03:30:00+12:00,0.0,0.09,0.0,0.0
Muriwai 5kW + Batteries,2026-09-14T04:00:00+12:00,0.0,0.09,0.0,0.0
Muriwai 5kW + Batteries,2026-09-14T04:30:00+12:00,0.0,0.075,0.0,0.0
Muriwai 5kW + Batteries,2026-09-14T05:00:00+12:00,0.0,0.089,0.0,0.0
Muriwai 5kW + Batteries,2026-09-14T05:30:00+12:00,0.0,0.088,0.0,0.0
Muriwai 5kW + Batteries,2026-09-14T06:00:00+12:00,0.001,0.09,0.0,0.0
Muriwai 5kW + Batteries,2026-09-14T06:30:00+12:00,0.118,0.093,0.0,0.0
Muriwai 5kW + Batteries,2026-09-14T07:00:00+12:00,0.415,0.08,0.0,0.0
Muriwai 5kW + Batteries,2026-09-14T07:30:00+12:00,0.892,0.096,0.0,0.0
Muriwai 5kW + Batteries,2026-09-14T08:00:00+12:00,0.637,0.12,0.0,0.0
Muriwai 5kW + Batteries,2026-09-14T08:30:00+12:00,0.87,1.064,0.0,0.0
Muriwai 5kW + Batteries,2026-09-14T09:00:00+12:00,1.452,0.764,0.0,0.057
Muriwai 5kW + Batteries,2026-09-14T09:30:00+12:00,1.255,0.954,0.0,0.397
Muriwai 5kW + Batteries,2026-09-14T10:00:00+12:00,1.527,1.63,0.107,0.0
Muriwai 5kW + Batteries,2026-09-14T10:30:00+12:00,1.522,1.558,0.063,0.0
Muriwai 5kW + Batteries,2026-09-14T11:00:00+12:00,1.496,0.628,0.0,0.825
Muriwai 5kW + Batteries,2026-09-14T11:30:00+12:00,1.438,0.654,0.0,0.764
Muriwai 5kW + Batteries,2026-09-14T12:00:00+12:00,1.133,0.651,0.0,0.471
Muriwai 5kW + Batteries,2026-09-14T12:30:00+12:00,1.257,0.632,0.0,0.604
Muriwai 5kW + Batteries,2026-09-14T13:00:00+12:00,1.14,0.726,0.051,0.412
Muriwai 5kW + Batteries,2026-09-14T13:30:00+12:00,0.987,0.757,0.072,0.277
Muriwai 5kW + Batteries,2026-09-14T14:00:00+12:00,0.154,0.107,0.0,0.043
